Feature,Coefficient
bathrooms,1094444.7861005974
airconditioning_yes,791426.7358431863
hotwaterheating_yes,684649.8853387911
prefarea_yes,629890.56531336
stories,407476.5949849111
basement_yes,390251.1761810922
mainroad_yes,367919.94767957245
guestroom_yes,231610.03717564975
parking,224841.91327662626
bedrooms,76778.70163437817
area,235.96880454139568
furnishingstatus_semi-furnished,-126881.81758510822
furnishingstatus_unfurnished,-413645.06222822214
